{
    "dono": "5020526395",
    "manutencao": "false",
    "userDono": "@Sengo3",
    "versao": "1.1.5",
    "updateDAte": "66/66/666 as 66:66",
    "price": {
        "Gold": 15,
        "Default": 30,
        "standard": 15,
        "default": 10,
        "black": 25,
        "prepaid": 15,
        "classic": 15,
        "gold": 20,
        "platinum": 20,
        "elo": 15,
        "mix": 1,
        "infinite": 25,
        "eletronic": 15,
        "electron": 15,
        "corporate": 20,
        "business": 20,
        "titanium": 50,
        "amex": 50
    },
    "pricemix": {
        "2": 10,
        "default": 50,
        "3": 50,
        "mix": 110
    },
    "welcome": ""
}
