{
    "1909322869": {
        "nome": "𝗕𝗟𝗔𝗖𝗞 𝗖𝗰𝘀 ",
        "saldo": 0,
        "cadastro": 1628036601,
        "last_msg": 1628036601,
        "username": "BlackCss171",
        "adm": "false",
        "dataLimite": 0
    },
    "1664519905": {
        "nome": "𝐂𝐇𝐀𝐕𝐄𝐒 𝐂𝐂'𝐬 𝐈𝐃 (1664519905) 𝐒𝐎́𝐂𝐈𝐎 𝐃𝐎𝐒 𝐁𝐀𝐍𝐂𝐎𝐒 𝐃𝐎 𝐁𝐑𝐀𝐒𝐈𝐋",
        "saldo": 10,
        "cadastro": 1628036601,
        "last_msg": 1628036601,
        "username": "chavesccs",
        "adm": "false",
        "dataLimite": 1629040455,
        "country": "brasil"
    },
    "1719430884": {
        "nome": "2° ℭ𝔬𝔪𝔞𝔫𝔡𝔬 ",
        "saldo": 0,
        "cadastro": 1628085927,
        "last_msg": 1628085927,
        "username": "segundocomando",
        "adm": "false",
        "dataLimite": 1628947597,
        "country": "brasil"
    },
    "1936646352": {
        "nome": "𝙎𝙃𝙄𝙑𝙀𝙍 𝘾𝘾'𝙎 🆔: 𝟭𝟵𝟯𝟲𝟲𝟰𝟲𝟯𝟱𝟮 ",
        "saldo": 9999999999979,
        "cadastro": 1628117324,
        "last_msg": 1628117324,
        "username": "Shiverccs",
        "adm": "false",
        "dataLimite": 1628908775,
        "country": "brasil"
    },
    "1886996919": {
        "nome": "TOWI NE VIDA?",
        "saldo": 0,
        "cadastro": 1628455681,
        "last_msg": 1628455681,
        "username": "Towimdm",
        "adm": "false",
        "dataLimite": 0,
        "country": "brasil"
    },
    "1459809021": {
        "nome": "Gamerobot ",
        "saldo": 0,
        "cadastro": 1628460518,
        "last_msg": 1628460518,
        "username": "Gamerobott",
        "adm": "false",
        "dataLimite": 0,
        "country": "brasil"
    },
    "1070858398": {
        "nome": "DUFF_009 ",
        "saldo": 0,
        "cadastro": 1628460525,
        "last_msg": 1628460525,
        "username": "DUFF_09",
        "adm": "false",
        "dataLimite": 0
    },
    "1492240841": {
        "nome": "Euller Sousa",
        "saldo": 0,
        "cadastro": 1628460528,
        "last_msg": 1628460528,
        "username": "OneTwo777",
        "adm": "false",
        "dataLimite": 0
    },
    "1055554624": {
        "nome": "TigrãoBNK ID : 1055554624",
        "saldo": 0,
        "cadastro": 1628460576,
        "last_msg": 1628460576,
        "username": "TigraoBNK",
        "adm": "false",
        "dataLimite": 0,
        "country": "brasil"
    },
    "1865453172": {
        "nome": "Ragnar777 ",
        "saldo": 0,
        "cadastro": 1628460588,
        "last_msg": 1628460588,
        "username": "Ragna777",
        "adm": "false",
        "dataLimite": 0,
        "country": "brasil"
    },
    "1131908530": {
        "nome": "Rodrigo ",
        "saldo": 0,
        "cadastro": 1628460719,
        "last_msg": 1628460719,
        "username": "undefined",
        "adm": "false",
        "dataLimite": 0,
        "country": "brasil"
    },
    "1321107079": {
        "nome": "✘ 𝙆𝙊𝙊𝙊𝙔⁷⁷⁷ ⃟ ⃟🌹 ( CELL QUEBRADO NÃO SEI QUANDO VOLTO )",
        "saldo": 0,
        "cadastro": 1628460873,
        "last_msg": 1628460873,
        "username": "KOO0Y",
        "adm": "false",
        "dataLimite": 0,
        "country": "brasil"
    }
}